Funding Org:Identifier,Funding Org:Name
360G-ArcadiaFund,ARCADIA
360G-ArcadiaFund,Lund
360G-Gulbenkian,"Calouste Gulbenkian Foundation, UK Branch"
360G-blf,The Big Lottery Fund
D18,Ministry of Justice
D9,Department for Transport
GB-CHC-01133342,ZING
GB-CHC-1009195,Pears Foundation
GB-CHC-1010656,Staples Trust
GB-CHC-1035628,City Bridge Trust
GB-CHC-1045304,Heart Of England Community Foundation
GB-CHC-1052061,Essex Community Foundation
GB-CHC-1059652,Three Guineas Trust
GB-CHC-1065552,Nationwide Foundation
GB-CHC-1066739,London Catalyst
GB-CHC-1075920,Indigo Trust
GB-CHC-1078217,The David & Elaine Potter Foundation
GB-CHC-1080418,Quartet Community Foundation
GB-CHC-1081124,Tuixen Foundation
GB-CHC-1089893,True Colours Trust
GB-CHC-1093844,The Joseph Rank Trust
GB-CHC-1102927,Paul Hamlyn Foundation
GB-CHC-1103731,United St Saviour's Charity
GB-CHC-1105580,The Tudor Trust
GB-CHC-1107583,Lankelly Chase Foundation
GB-CHC-1111600,Community Foundation for Surrey
GB-CHC-1115476,Barrow Cadbury Trust
GB-CHC-1123081,The Fore
GB-CHC-1123126,Wiltshire Community Foundation
GB-CHC-1140372,The Dunhill Medical Trust
GB-CHC-1143711,Cheshire Community Foundation
GB-CHC-1144091,Nesta
GB-CHC-1145921,Macc
GB-CHC-1145988,Lloyd's Register Foundation
GB-CHC-1151621,Oxfordshire Community Foundation
GB-CHC-1156077,Wolfson Foundation
GB-CHC-1156300,Road Safety Trust
GB-CHC-1158914,Millfield House Foundation
GB-CHC-1159982,Power to Change 
GB-CHC-1161290,Virgin Money Foundation
GB-CHC-1164021,The Blagrave Trust
GB-CHC-200051,Esm√©e Fairbairn Foundation
GB-CHC-210037,Joseph Rowntree Charitable Trust
GB-CHC-210169,Joseph Rowntree Foundation
GB-CHC-210183,The Wellcome Trust
GB-CHC-226446,Seafarers UK
GB-CHC-230102,The Henry Smith Charity 
GB-CHC-251988,Gatsby Charitable Foundation
GB-CHC-274100,The Clothworkers Foundation
GB-CHC-295157,LandAid Charitable Trust
GB-CHC-299963,Woodward Charitable Trust
GB-CHC-312800,Walcot Foundation
GB-CHC-326568 ,Comic Relief
GB-CHC-326568 ,Comic Relief 
GB-CHC-327114,Lloyds Bank Foundation for England and Wales
GB-CHC-328524,Tedworth Charitable Trust
GB-CHC-802052,BBC Children in Need
GB-COH-02273708,Community Foundation serving Tyne & Wear and Northumberland
GB-COH-03037449,London Councils
GB-COH-03340350,Greenham Common Trust
GB-COH-03416658,Northern Rock Foundation
GB-COH-04530979,Somerset Community Foundation
GB-COH-04831118,Trafford Housing Trust Social Investment
GB-COH-07991677,The Dulverton Trust
GB-COH-IP00525R,Co-operative Group
GB-COH-RC000766,Sport England
GB-COH-RS007018,One Manchester
GB-LAE-BIR,Birmingham City Council
GB-LAE-BNE,London Borough of Barnet
GB-LAE-OXO,Oxford City Council
GB-LAE-SWK,London Borough of Southwark
GB-LAE-TRF,Trafford Metropolitan Borough Council
GB-LAS-DND,Dundee City Council
GB-SC-SC002970,The Robertson Trust
GB-SC-SC003558,Scottish Council For Voluntary Organisations
GB-SC-SC009481,Corra Foundation
GB-SC-SC012710,R S Macdonald Charitable Trust
US-EIN-39-1916960,Quixote Foundation
